{"cameraMode":{"drawMode":0,"name":"Shaded","section":"Shading Mode"},"sceneLighting":true,"audioPlay":false,"sceneViewState":{"showFog":true,"showMaterialUpdate":false,"showSkybox":true,"showFlares":true,"showImageEffects":true,"showParticleSystems":true},"in2DMode":false,"pivot":{"x":8.422340393066407,"y":2.637957811355591,"z":-2.2748682498931886},"rotation":{"x":-0.0008916697115637362,"y":0.9775412082672119,"z":-0.21080702543258668,"w":-0.004108290653675795},"size":5.177796840667725,"orthographic":false}