{"cameraMode":{"drawMode":0,"name":"Shaded","section":"Shading Mode"},"sceneLighting":false,"audioPlay":false,"sceneViewState":{"showFog":true,"showMaterialUpdate":false,"showSkybox":false,"showFlares":true,"showImageEffects":true,"showParticleSystems":true},"in2DMode":false,"pivot":{"x":-1.3404664993286133,"y":-0.09310483932495117,"z":0.4129045009613037},"rotation":{"x":0.34656238555908205,"y":0.28719669580459597,"z":-0.11236298829317093,"w":0.8859032988548279},"size":5.8882317543029789,"orthographic":false}